"position","start","abundance_score","activity_score","variants_scored_abundance","variants_scored_activity","abundance_class","activity_class","domain","specific_domain","hc_cluster_membership","xca","yca","zca","abs_tco","kappa","alpha","phi","psi","rsa","hbond_sum","helix","sheet","ratio_activity_abundance"
2,"G",0.863125998143864,NA,10,NA,"wt-like",NA,"cyto","cyto_N_terminal","1",40.1,64.7,49.3,0.444,360,164.5,67.6,9,122.352941176471,-0.6,0,0,NA
3,"S",0.810610412039102,0.988138281112273,18,9,"high","wt-like","cyto","cyto_N_terminal","1",39.9,60.9,49.7,0.428,44.4,-148,-56.9,116.8,30.327868852459,-0.5,0,0,1.24249840405489
4,"T",0.912547616482759,NA,19,NA,"wt-like",NA,"cyto","cyto_N_terminal","1",38.2,60.1,53,0.475,29.8,-156.5,-64.6,-1.7,97.9452054794521,-0.6,0,0,NA
5,"W",0.842126425405478,1.02826257339817,19,7,"wt-like","wt-like","cyto","cyto_N_terminal","2",40.6,57,52.7,0.73,2.2,-146.4,25.7,86.3,44.4015444015444,-0.2,0,0,1.40129397546905
6,"G",0.941745114244707,0.947720004293506,19,6,"high","wt-like","cyto","cyto_N_terminal","1",38.8,54.5,54.9,0.733,67,-25.2,-62.8,-38.4,83.5294117647059,-0.3,0,0,1.2082658219858
7,"S",0.977485102733826,0.999328822377783,19,6,"high","wt-like","cyto","cyto_N_terminal","1",41.5,52.4,56.6,0.261,76.8,161.7,-154.8,23,56.5573770491803,-1.2,0,0,1.1390969283846
8,"P",0.654849361513313,1.00377209755025,18,4,"low","possibly_wt-like","cyto","cyto_N_terminal","2",44.8,52.3,54.6,0.378,23.5,-179.8,-83,103.9,25.1748251748252,-2.4,0,0,1.4866472614971
9,"G",0.496544838123241,1.06849016991518,17,5,"low","wt-like","cyto","cyto_N_terminal","3",48.1,51.3,56.3,0.804,83.6,74.1,-49.5,-28.8,32.9411764705882,-3.3,1,0,1.89979210721844
10,"W",0.791426114964231,1.02782938279275,18,4,"wt-like","possibly_wt-like","cyto","cyto_N_terminal","2",49.6,52,52.8,0.865,89,56.1,-58.8,-35.4,76.4478764478765,-2.9,1,0,1.21541775047986
11,"V",0.924143955615611,0.966517445204726,18,4,"high","possibly_wt-like","cyto","cyto_N_terminal","1",49.3,55.8,53.4,0.919,106.6,51.4,-64.7,-34.6,8.75,-4.3,1,0,1.16763732684057
12,"R",0.715707592171345,1.04303986908382,18,3,"wt-like","possibly_wt-like","TM","TM1","2",51.3,55.2,56.5,0.918,109.7,49.8,-64.1,-41,0.829875518672199,-3.7,1,0,1.37045235429711
13,"L",0.773886366287029,1.02174202871798,18,5,"wt-like","wt-like","TM","TM1","2",53.9,53.3,54.4,0.883,110.8,48.3,-61.3,-43.2,16.1111111111111,-4.1,1,0,1.28095104841264
14,"A",0.876771219764159,1.03742170308557,16,3,"high","possibly_wt-like","TM","TM1","2",54.1,56.1,51.7,0.929,112.9,47.5,-69.7,-42.8,23.0088495575221,-5,1,0,1.0572413322485
15,"L",0.437359533674613,1.07440653953605,16,5,"low","wt-like","TM","TM1","3",54.5,58.8,54.4,0.944,112,51.7,-53.6,-50.9,18.8888888888889,-5.2,1,0,2.81826710231494
16,"C",0.159632327045008,0.95212540650616,18,7,"low","wt-like","TM","TM1","3",57.2,56.6,56.1,0.791,107.8,51.6,-60.7,-32.2,0,-5.2,1,0,2.6692851742086
17,"L",0.378720097767044,1.07611462080741,19,3,"low","possibly_wt-like","TM","TM1","2",59.1,56.3,52.7,0.914,111.7,45.5,-73.2,-41.8,61.6666666666667,-4.6,1,0,1.60381992639819
18,"T",0.706120444715402,0.966578789328553,16,2,"wt-like","possibly_wt-like","TM","TM1","2",59.2,60.1,52.2,0.897,115.3,49.3,-62.5,-38.7,50.6849315068493,-4.9,1,0,1.15992555566439
19,"G",0.0258888644457977,NA,13,NA,"low",NA,"TM","TM1","4",60.2,60.4,55.9,0.931,111.5,48.1,-64.7,-48.6,0,-5.2,1,0,NA
20,"L",0.256454208301443,1.1071116955086,13,3,"low","possibly_wt-like","TM","TM1","3",63,57.8,55.5,0.926,113.4,47.1,-54.8,-53.3,10.5555555555556,-5.3,1,0,2.52339118859845
21,"V",0.547891802095779,0.964391942743834,11,3,"low","possibly_wt-like","TM","TM1","2",64.4,59.4,52.3,0.886,113.4,47.2,-64.5,-41.3,46.25,-4.2,1,0,1.28707913588232
22,"L",0.344193603666792,0.163451748735466,15,2,"low","possibly_wt-like","TM","TM1","2",64.3,63,53.7,0.927,113.3,49.3,-65.9,-43.1,16.1111111111111,-4.9,1,0,1.9807165777628
23,"S",0.388169527699299,0.234240155948527,9,2,"low","possibly_low","TM","TM1","3",66,61.8,56.9,0.916,110.9,49.4,-59.7,-44.7,0,-5.3,1,0,1.38255360157196
24,"L",0.194341540776758,0.87941502649472,11,3,"low","possibly_wt-like","TM","TM1","2",68.7,59.9,54.9,0.711,108.2,55.2,-75.3,-15.3,22.7777777777778,-4.9,1,0,2.36108511140384
25,"Y",0.397144389701762,NA,14,NA,"low",NA,"TM","TM1","3",69.3,63,52.8,0.939,109,45.2,-72.6,-49.1,45.8515283842795,-4.1,1,0,NA
26,"A",0.774482127310607,0.107390186110775,15,3,"high","possibly_wt-like","TM","TM1","1",70,65.1,56,0.91,112.1,55.3,-64.4,-37.4,0,-5.1,1,0,0.88541282198562
27,"L",0.787141274493564,1.37522898439904,12,1,"wt-like","possibly_wt-like","TM","TM1","2",72.2,62.2,57.1,0.967,107.1,48.2,-43.5,-64.9,10,-5.7,1,0,1.5638559322913
28,"H",0.778333839453657,1.21504268571357,13,2,"wt-like","possibly_wt-like","TM","TM1","2",74.2,62.4,53.9,0.894,110.1,53.7,-61.1,-32.3,42.2680412371134,-4.8,1,0,1.34489930230054
29,"V",0.675100749625145,0.564857354130794,17,6,"low","wt-like","TM","TM1","2",74.6,66.2,54.3,0.952,113.9,38.5,-59.9,-56.5,0.625,-5.2,1,0,1.32913549641012
30,"K",1.17668994222441,NA,12,NA,"high",NA,"TM","TM1","1",76.1,66.1,57.9,0.893,115.7,53.4,-68.9,-32.3,2.3696682464455,-3.3,1,0,NA
31,"A",0.942080485933365,1.0866344033714,18,2,"high","possibly_wt-like","TM","TM1","1",78.1,62.9,57.2,0.952,114,43,-60.4,-50.2,18.5840707964602,-4.7,1,0,1.23411861087015
32,"A",0.879766825250853,1.12304575572661,14,1,"wt-like","possibly_wt-like","TM","TM1","2",79.7,64.7,54.1,0.976,109.9,53.9,-60.3,-58.3,45.1327433628319,-5.8,1,0,1.14642244788032
33,"R",1.17449834850616,1.1706603072838,18,2,"high","possibly_wt-like","TM","TM1","1",80.3,68.1,55.8,0.444,109,51.3,-66.1,-0.5,9.12863070539419,-3.1,1,0,0.931629854008246
34,"A",1.00049208898893,1.08778830263431,12,1,"high","possibly_wt-like","TM","TM1","1",82.2,66.4,58.6,0.5,96.7,62.6,-110.9,-9.7,24.7787610619469,-1.9,1,0,1.03308464043515
35,"R",1.30603756844145,NA,5,NA,"high",NA,"TM","TM1","1",84.6,64.4,56.3,0.774,89,77.7,-70.2,-24.3,104.979253112033,-4.3,1,0,NA
36,"D",0.649485147391023,1.31852972064535,14,1,"low","possibly_wt-like","TM","TM1","2",85.3,68.1,55.6,0.651,91.2,-159.7,-68.1,87.5,21.8543046357616,-4.1,0,0,NA
37,"R",1.1244193784628,1.17217897822095,10,3,"high","possibly_wt-like","er_lumen","long_ER_loop","1",87.3,67.8,58.8,0.59,75.7,47.3,-59.2,-25.8,94.6058091286307,-2.1,0,0,1.12962208310379
38,"D",0.399088618810044,1.37522898439904,16,1,"low","possibly_wt-like","er_lumen","long_ER_loop","3",87.6,71.4,59.9,0.246,101.1,-123.5,-100,9.7,38.4105960264901,-0.6,0,0,1.56353998400095
39,"Y",0.524497780501097,0.978017330819364,16,4,"low","possibly_wt-like","er_lumen","long_ER_loop","3",83.9,72.2,59.3,0.752,54.2,171.4,48.5,27.2,55.8951965065502,-2.6,0,0,1.79797147221302
40,"R",1.08453579683592,1.1190933932959,18,7,"high","wt-like","er_lumen","long_ER_loop","1",85.4,74.9,57.1,0.407,34.9,-124.6,-68.6,134,50.207468879668,-0.9,0,0,1.04130128750054
41,"A",0.612554973619691,0.688965814983748,11,1,"low","possibly_wt-like","er_lumen","long_ER_loop","2",83,76.9,54.9,0.698,36.8,164.8,-69.7,126,84.070796460177,-0.5,0,0,1.96678066034194
42,"L",0.616729413937619,0.856900734648363,11,2,"low","possibly_wt-like","er_lumen","long_ER_loop","3",84,76.7,51.2,0.111,62.9,-112.4,-107.9,13.8,83.3333333333333,-0.9,0,0,1.56193509221249
43,"C",0.683514291178331,0.0300289016085673,16,1,"low","possibly_wt-like","er_lumen","long_ER_loop","2",80.4,78,50.5,0.74,74.8,142.9,54.4,29.8,110.714285714286,-0.4,0,0,0.617050179084449
44,"D",0.218200821073263,0.265054133794355,14,5,"low","wt-like","er_lumen","long_ER_loop","3",79.8,74.5,49,0.128,53.5,-39.1,-78.5,-172.5,39.7350993377483,-0.4,0,0,1.732620447796
45,"V",0.507286004820393,-0.0372533768231569,16,1,"low","possibly_low","er_lumen","long_ER_loop","2",76.8,72.2,49,0.313,76.8,113,-58.1,136.2,91.25,-0.5,0,0,0.853845733212397
46,"G",0.992272965025974,0.979375049569817,15,1,"high","possibly_low","er_lumen","long_ER_loop","1",74.7,71.8,52.1,0.143,77.7,-66.9,-156.2,-83.7,9.41176470588235,-0.5,0,0,1.0374012302136
47,"T",1.00442844183276,0.959562935105775,18,5,"high","wt-like","er_lumen","long_ER_loop","1",71.2,73.2,51.7,0.872,68.5,-50.3,-155.2,-172,17.1232876712329,-0.3,0,0,1.09451165596019
48,"A",0.85560027940532,0.75168985682004,19,2,"high","possibly_wt-like","er_lumen","long_ER_loop","2",69.6,76.7,51.2,0.251,73.4,-83.4,-56.3,156.2,69.0265486725664,-2.8,0,0,1.14881366546934
49,"I",0.71545823437821,0.66210498822532,16,3,"wt-like","possibly_wt-like","er_lumen","long_ER_loop","2",70.6,79.5,53.5,0.576,122.8,34.2,-70.5,126.2,97.8021978021978,-0.8,0,0,1.14716719465245
50,"S",0.780681877423115,1.00626550424484,19,3,"wt-like","possibly_wt-like","er_lumen","long_ER_loop","2",68.4,79.1,56.7,0.856,117.4,55.9,120.9,-69.3,28.6885245901639,-2.8,0,0,1.26606202376067
51,"C",0.438404239637016,0.627807857086531,17,6,"low","wt-like","er_lumen","long_ER_loop","3",68.4,75.3,56.4,0.816,102.7,55.4,-54.1,-39,0,-3.1,1,0,1.55932401673662
52,"S",0.605825103852685,0.574136996178825,18,5,"low","wt-like","er_lumen","long_ER_loop","3",72.3,75.3,56.4,0.908,110.5,45.8,-67.1,-38.1,27.8688524590164,-4.3,1,0,1.48459154067524
53,"R",0.966026509259087,0.998436792829469,17,3,"high","possibly_wt-like","er_lumen","long_ER_loop","1",72.4,77.2,59.8,0.999,118.6,39.3,-62.3,-67.6,73.0290456431535,-2.2,1,0,1.18772982145903
54,"V",0.672308701839483,0.15336208178241,13,3,"wt-like","possibly_low","er_lumen","long_ER_loop","2",69.7,75.2,61.6,0.879,116.2,51.8,-50.6,-49.8,0.625,-3.5,1,0,0.836596235296126
55,"F",0.73728061491451,0.445059637260593,13,4,"wt-like","possibly_wt-like","er_lumen","long_ER_loop","2",70.9,71.9,60.2,0.819,113,43.2,-67.5,-30.7,4.58715596330275,-3.2,1,0,0.764779485984909
56,"S",0.988283788940572,0.932677699248688,18,4,"high","possibly_wt-like","er_lumen","long_ER_loop","1",74.5,72.4,61.2,0.527,92.2,117,-87.9,-3.1,36.8852459016393,-2.8,1,0,1.02258775374558
57,"S",0.499481178677966,0.848428476323131,19,6,"low","wt-like","er_lumen","long_ER_loop","3",73.5,73.7,64.6,0.059,84.3,-98,-61.5,164.2,20.4918032786885,-2.2,0,0,1.39073325325001
58,"R",0.972798601535408,0.890625707756093,19,6,"high","wt-like","er_lumen","long_ER_loop","1",74.5,71.9,67.9,0.923,116,64.5,-54.1,-53.9,73.8589211618257,-3,0,0,1.07673412173632
59,"W",0.60063574036759,0.827377454118752,19,6,"low","wt-like","er_lumen","long_ER_loop","3",71.1,70.1,68.2,0.639,84.1,74,-70.6,116,47.4903474903475,-0.5,0,0,1.36375889969735
60,"G",0.904068146680749,0.301021486662372,19,7,"high","wt-like","er_lumen","long_ER_loop","1",71.5,68.1,65.1,0.046,81.8,79.2,143.8,-41.5,2.35294117647059,-5.5,0,0,0.760106683958902
61,"R",1.01898852962275,0.672252847479917,19,4,"high","possibly_wt-like","er_lumen","long_ER_loop","1",74,65.8,66.7,0.297,71.1,-161.6,-71.2,171.3,34.8547717842324,-4.3,0,0,0.923807205947115
62,"G",0.461404323469104,0.747233477880922,18,6,"low","wt-like","er_lumen","long_ER_loop","3",72.5,63.1,68.9,0.306,54.4,-30.1,-124.9,-151.4,37.6470588235294,-2,0,0,1.60221688414475
63,"F",0.501188156639292,0.434014680474168,19,5,"low","wt-like","er_lumen","long_ER_loop","2",73.7,60.9,71.7,0.781,132.2,-34.4,-62.2,119.7,101.376146788991,-1.8,0,0,1.29058016706866
64,"G",0.44713031686456,0.936788287442345,17,1,"low","possibly_wt-like","er_lumen","long_ER_loop","3",77.2,60.9,70,0.386,121.6,-42.5,49.4,-108.9,62.3529411764706,-2,0,0,1.75610156120214
65,"L",0.648490212409165,0.817927569407496,19,6,"wt-like","wt-like","er_lumen","long_ER_loop","2",76.4,61,66.3,0.101,75.8,-97.2,-146.5,40.4,55,-2.1,0,0,1.26577915252837
66,"V",0.574156317904929,1.06928164331762,18,3,"low","possibly_wt-like","er_lumen","long_ER_loop","2",73.5,58.6,65.8,0.13,58.1,-178.7,27.2,3.6,0.625,-6.7,0,0,1.51101649438223
67,"E",0.590970397997555,0.990798661862983,18,6,"low","wt-like","er_lumen","long_ER_loop","3",76.2,56.3,64.8,0.08,69.3,-1,72.6,-41.5,19.1256830601093,-2.5,0,0,1.66677179824302
68,"H",0.956222182037628,1.10714804895451,17,8,"high","wt-like","er_lumen","long_ER_loop","1",74.1,53.3,63.9,0.081,71.8,163.5,170.5,34.1,47.9381443298969,-3.6,0,0,1.15590973076082
69,"V",0.829932470122408,0.977117357974564,17,3,"wt-like","possibly_wt-like","er_lumen","long_ER_loop","2",70.4,54.3,64.5,0.857,86.8,29.2,-38.4,-53.4,20,-3.3,0,0,1.21438841056434
70,"L",0.563201711124841,0.986833577041873,18,4,"wt-like","possibly_wt-like","er_lumen","long_ER_loop","2",69.1,51.5,62.4,0.831,81.3,-155.3,-75,-33.8,10,-2.9,0,0,1.62757309002613
71,"G",0.572863945094856,1.05149227535032,17,4,"low","possibly_wt-like","er_lumen","long_ER_loop","3",71.9,49,63,0.215,69.3,113.9,60,-33.4,65.8823529411765,-1.6,0,0,1.45365129617355
72,"Q",0.947973705287833,0.656494205737493,16,2,"wt-like","possibly_wt-like","er_lumen","long_ER_loop","1",70.4,48,59.7,0.534,116.5,-36.6,-46.2,101,56.6137566137566,-5.1,0,0,0.986902185080781
73,"D",0.616381245095284,0.88045985314237,18,6,"low","wt-like","er_lumen","long_ER_loop","3",73.6,48.9,57.8,0.454,93.5,-88.8,45.2,14.8,76.158940397351,-1.3,0,0,1.4097582843552
74,"S",0.501256178572605,0.399024587746653,18,5,"low","wt-like","er_lumen","long_ER_loop","3",73.8,51.8,60.3,0.969,67.4,-176.5,43,54.8,32.7868852459016,-2.9,0,0,1.36042922800599
75,"I",0.712483362473461,1.11867798964491,19,4,"wt-like","possibly_wt-like","er_lumen","long_ER_loop","2",71.7,53.3,57.4,0.014,76.9,35.1,-74.1,34.3,35.7142857142857,-3.4,0,0,1.41918730993226
76,"L",0.437024830800376,0.616233298620531,19,8,"high","wt-like","er_lumen","long_ER_loop","2",71.8,56.4,59.3,0.526,71.6,156.5,139,83.8,0,-3.6,0,0,1.6385529689606
77,"N",0.510871540379295,1.06825670383616,19,5,"low","wt-like","er_lumen","long_ER_loop","3",75.2,56.7,60.9,0.015,55.5,77.4,-124.2,12.3,41.1392405063291,-1.5,0,0,1.80471774736505
78,"Q",0.742924553288169,1.05583348481421,19,8,"wt-like","wt-like","er_lumen","long_ER_loop","2",75.2,60.4,61.3,0.751,90.8,-78.3,-124.5,-29.8,1.58730158730159,-1.2,0,0,1.45888974557106
79,"S",0.837166325376226,0.675889523800144,15,2,"wt-like","possibly_wt-like","TM","TM2","1",73.3,62.2,64,0.979,83.9,-15.8,154.5,-141,0,-3.6,0,0,1.09222503595704
80,"N",0.684545775544237,0.0232171851182583,19,10,"wt-like","low","TM","TM2","2",69.7,63.3,64.8,0.836,126.9,60.1,-75.9,-20.4,13.2911392405063,-5.6,1,0,0.800014045602297
81,"S",1.02226320420891,0.470543951581977,19,2,"high","possibly_low","TM","TM2","1",68.5,62.8,61.2,0.594,106.9,51.3,-64.4,-8,4.91803278688525,-2.4,1,0,1.05777790405575
82,"I",0.763900906483329,0.900200174768459,19,7,"wt-like","wt-like","TM","TM2","2",69.6,59.3,61.8,0.747,103.8,52.2,-110.7,-31.3,0,-4.4,1,0,1.36276854747085
83,"F",0.40532102116692,0.414853436206969,17,2,"low","possibly_low","TM","TM2","3",67.6,59.1,65,0.945,113.3,48.9,-55.4,-46,31.1926605504587,-4.5,1,0,1.2995868146595
84,"G",0.976022598012026,-0.175584064344949,19,11,"high","wt-like","TM","TM2","1",64.9,60.3,62.6,0.961,109.9,50.3,-51.8,-54.3,5.88235294117647,-5.7,1,0,0.515211441218756
85,"C",0.515286389705506,0.960423602818002,19,8,"low","wt-like","TM","TM2","2",65.8,57.6,60.1,0.801,107.6,52,-68.3,-28.2,0,-4.1,1,0,1.31046506663958
86,"I",0.770759364089739,0.96706513115742,15,3,"wt-like","possibly_wt-like","TM","TM2","2",65.7,54.7,62.6,0.972,113.8,44.9,-63.8,-50.3,23.0769230769231,-5.2,1,0,1.11990801514226
87,"F",0.548299450312396,0.429816853407285,18,7,"low","wt-like","TM","TM2","3",62.2,55.8,63.7,0.905,115.7,46.7,-64.4,-38.3,13.7614678899083,-4.8,1,0,1.49744273390143
88,"Y",-0.0333206526825092,0.0149110270917851,19,6,"low","low","TM","TM2","4",61,56.3,60.1,0.926,115,44.5,-63.1,-49.3,0,-5.1,1,0,2.55225888171169
89,"T",0.832824130646129,0.663191845446628,17,2,"high","possibly_wt-like","TM","TM2","2",62.4,53,58.8,0.894,111.9,53.6,-70.2,-35.5,2.05479452054794,-5.3,1,0,0.985501715781914
90,"L",0.893570584551759,0.923159437084609,15,4,"wt-like","possibly_wt-like","TM","TM2","2",61,51.1,61.9,0.925,110.1,48.1,-57.1,-48.1,25,-5.5,1,0,1.18131230107312
91,"Q",0.706940137053006,0.431792371398547,14,1,"wt-like","possibly_wt-like","TM","TM2","2",57.6,52.6,61.3,0.851,111.6,49.7,-64.5,-37,0,-3.9,1,0,3.24091128069534
92,"L",0.466179867383027,0.906765661653796,15,3,"low","possibly_wt-like","TM","TM2","2",57.7,51.6,57.6,0.945,111.4,48.6,-64.2,-48.6,10.5555555555556,-3.4,1,0,1.46854027020777
93,"L",0.90414025393869,NA,2,NA,"possibly_wt-like",NA,"TM","TM2","1",58.8,48,58.4,0.927,112.2,48.4,-60,-46.2,43.3333333333333,-5.2,1,0,NA
94,"L",0.195556856833423,0.497207894292548,15,1,"low","possibly_wt-like","TM","TM2","2",56,47.6,61,0.785,110.9,51.4,-64.4,-29.1,0.555555555555556,-3.1,1,0,2.27026015070029
95,"G",0.588203422616653,NA,15,NA,"low",NA,"TM","TM2","2",53.5,49,58.4,0.637,106.7,55.4,-77,-17.1,12.9411764705882,-2,1,0,NA
96,"C",0.631837242091163,0.0968949443732722,16,2,"low","possibly_wt-like","TM","TM2","2",54.8,46.4,55.9,0.746,125.3,-17.8,-89.8,-29,46.4285714285714,-2.3,1,0,1.00299426822238
97,"L",0.730893807391135,0.522592301194382,18,3,"wt-like","possibly_low","TM","TM2","2",54,43.5,58.3,0.941,75,102,-159.9,162.1,98.3333333333333,-2,0,0,2.61073292877613
98,"R",0.631803088208799,0.857693755436368,19,5,"wt-like","wt-like","cyto","cyto_TM2_to_TM3","3",53.3,42.1,61.8,0.645,43.9,-139.3,138.4,46,53.1120331950208,-1.9,0,0,1.20157388960306
99,"T",0.947303279040449,1.03994301749078,16,1,"wt-like","possibly_wt-like","cyto","cyto_TM2_to_TM3","1",49.8,41.1,63.2,0.203,75.6,-4,46.5,-146.5,92.4657534246575,-2.3,1,0,1.21370581859763
100,"R",0.502178935356791,0.996441695008444,14,4,"low","possibly_wt-like","TM","TM3","3",48.4,41.9,66.8,0.914,134.1,51.4,-47.9,-51.5,97.9253112033195,-1.9,1,0,2.35806473252567
101,"W",0.776083412577012,0.98564012522015,19,6,"wt-like","wt-like","TM","TM3","2",51.7,43.5,68,0.747,96.8,73.7,-62.7,-25.9,71.4285714285714,-3,1,0,1.33111595167347
102,"A",0.100335548303055,0.980272979670343,18,10,"low","wt-like","TM","TM3","3",51.9,45.8,64.9,0.885,90.5,50.5,-64.6,-44.7,7.9646017699115,-4.8,1,0,2.76723777068832
103,"S",0.970596316005384,0.947100173962643,19,2,"high","possibly_wt-like","TM","TM3","1",49.1,48.4,65.8,0.952,116.6,43.2,-57.3,-43.8,18.8524590163934,-3.6,1,0,1.08770272194316
104,"V",0.97093575829361,1.17222877718394,19,4,"high","possibly_wt-like","TM","TM3","1",50.6,48.9,69.2,0.881,114.2,45.5,-78.3,-35.7,30,-3.6,1,0,1.19839191451524
105,"L",0.769412726704657,0.952211982959291,18,6,"wt-like","wt-like","TM","TM3","2",54.3,49.1,68.4,0.859,111.8,56.1,-70.2,-32.9,38.8888888888889,-5,1,0,1.53233028981168
106,"M",0.880788969695532,1.03872283402977,17,5,"wt-like","wt-like","TM","TM3","1",53.3,51.4,65.5,0.952,108.9,46.3,-57.4,-45.9,8.33333333333333,-5.1,1,0,1.23107440476161
107,"L",0.865646379083603,1.02193519762802,16,4,"wt-like","possibly_wt-like","TM","TM3","1",51.6,53.7,68.1,0.926,110.8,52,-65.7,-42.6,1.66666666666667,-4.2,1,0,1.27473303323508
108,"L",0.790091206979725,0.962277423724821,17,3,"wt-like","possibly_wt-like","TM","TM3","2",54.6,53.6,70.5,0.917,113.7,45.3,-50.9,-48.7,53.3333333333333,-5,1,0,2.70117405258828
109,"S",0.854681062957803,1.14030211018266,15,4,"wt-like","possibly_wt-like","TM","TM3","2",56.9,54.6,67.6,0.897,112.7,44.8,-78.2,-40.7,0.819672131147541,-5.1,1,0,2.92408617121764
110,"S",0.474211030635235,0.86640782689294,15,4,"low","possibly_wt-like","TM","TM3","3",54.9,57.5,66,0.768,113.2,54.7,-70.1,-25.3,0,-4.7,1,0,2.94954788833876
111,"L",0.682672128416284,0.968167722269896,19,11,"high","wt-like","TM","TM3","2",54.3,58.8,69.5,0.942,110.3,45,-69.2,-43.9,36.6666666666667,-4.1,1,0,1.69012858741669
112,"V",0.783373037252124,NA,8,NA,"wt-like",NA,"TM","TM3","2",58,58.8,70.3,0.93,113.4,49.9,-60.9,-45.1,32.5,-4.8,1,0,NA
113,"S",1.00019566290426,0.391831448331533,7,2,"wt-like","possibly_low","TM","TM3","1",58.8,60.4,66.9,0.882,108.2,53.9,-66.4,-31.3,0.819672131147541,-4.9,1,0,0.860764950705075
114,"L",0.554919884309441,1.03244358609699,16,5,"low","wt-like","TM","TM3","2",56.1,63.1,67.6,0.897,106,54.7,-62.5,-39.8,21.1111111111111,-4.4,1,0,1.66023276933592
115,"A",0.488516710383563,0.64902014882997,18,10,"low","wt-like","TM","TM3","2",57.9,63.8,70.9,0.968,112.2,39.9,-61,-52.7,30.9734513274336,-4.5,1,0,1.61093402283469
116,"G",0.90754729656165,1.09043078617584,19,5,"high","wt-like","TM","TM3","1",61.3,64.5,69.3,0.872,113.6,56.6,-64.2,-34.2,11.7647058823529,-4.9,1,0,1.24357718693165
117,"S",0.633034406638717,0.215048863884842,17,5,"low","wt-like","TM","TM3","2",59.5,66.4,66.4,0.859,107.5,48.6,-61.8,-38.1,0,-4.4,1,0,2.22857408073452
118,"V",0.482737095719864,0.447089964036142,18,3,"low","possibly_wt-like","TM","TM3","2",57.8,68.7,69,0.907,110.5,49.6,-71.8,-42.6,47.5,-4.9,1,0,1.85202324801064
119,"Y",0.451512506584134,0.950182235335377,19,4,"low","possibly_wt-like","TM","TM3","3",61.2,69.4,70.8,0.907,113.1,47.8,-63.1,-37.7,74.6724890829694,-4.6,1,0,1.88534594621622
120,"L",0.827093505211578,-0.023941896573434,19,5,"wt-like","low","TM","TM3","2",62.7,70.2,67.4,0.864,110.8,51,-68.8,-35.8,10,-5.1,1,0,0.788836525268709
121,"A",0.870685737849295,-0.0685108650019536,18,5,"wt-like","low","TM","TM3","2",59.8,72.5,66.5,0.902,112.8,46.3,-64.6,-41.3,15.0442477876106,-4.4,1,0,0.814612111612393
122,"W",0.840780709155141,0.917543607152646,19,7,"wt-like","wt-like","TM","TM3","2",60.2,74.3,69.8,0.851,110.3,53.1,-67.4,-36.4,52.5096525096525,-5,1,0,1.2005099466584
123,"I",0.774386401107774,0.869765291751978,19,5,"wt-like","wt-like","TM","TM3","1",64,74.5,69.2,0.925,113.3,44.6,-69.5,-42.9,10.989010989011,-5.7,1,0,1.20439839382535
124,"L",0.956538151964163,0.0419182087074601,18,6,"high","low","TM","TM3","1",63.4,76.1,65.8,0.987,121.1,37.6,-47.3,-79.3,0,-6.7,0,0,0.611155362496969
125,"F",0.811334242372005,0.850736983827741,18,7,"wt-like","wt-like","TM","TM3","2",60.7,78.5,67,0.623,133.6,18.6,-51.3,-33.8,55.045871559633,-2.7,0,0,1.19129493360359
126,"F",0.681346257306565,1.00692407391596,17,3,"wt-like","possibly_wt-like","TM","TM3","2",62.1,79.5,70.4,0.365,130.6,29.5,-136.1,1,53.2110091743119,-2.8,0,0,1.42612045190189
127,"V",0.857858092974477,1.06234250393352,14,1,"wt-like","possibly_wt-like","TM","TM3","1",65.8,78.7,70.7,0.504,132.9,23.5,-136.4,-23.1,37.5,-2.6,0,0,1.09830511114463
128,"L",0.81366086954039,0.520440547829849,16,4,"wt-like","possibly_wt-like","er_lumen","small_ER_loop","1",67.2,79,67.1,0.633,79.8,-158.2,-113.5,-24.1,18.3333333333333,-4.7,0,0,0.946636822569588
129,"Y",0.953768289757271,0.959895021160347,19,6,"high","wt-like","er_lumen","small_ER_loop","1",64.5,81.4,65.8,0.03,57.7,109.7,61.1,-21.3,76.4192139737991,-3.4,0,0,1.12750166088419
130,"D",0.300016929547741,0.759285794832333,18,11,"low","wt-like","er_lumen","small_ER_loop","3",65.4,80.2,62.2,0.362,63.4,-139.7,-65.3,156.3,17.2185430463576,-1.9,0,0,2.33238699385789
131,"F",0.746714523617887,0.949274812058281,19,8,"wt-like","wt-like","er_lumen","small_ER_loop","2",63,78,60.2,0.918,11.2,-159.1,-131.6,101.2,49.5412844036697,-0.9,0,0,1.32176037262264
132,"C",0.164381549452881,-0.0939614478803987,19,9,"low","wt-like","TM","TM4","3",64.5,75.2,58.1,0.737,12,-147.9,-85.8,123.8,0,-3.3,0,0,0.992797475427498
133,"I",0.493642191470539,0.700271564317055,16,2,"low","possibly_wt-like","TM","TM4","2",62.3,73.8,55.2,0.869,100.8,50.4,-58.2,-42.3,75.2747252747253,-3.2,1,0,2.38380155290213
134,"V",0.661453105732695,0.742666679294885,19,8,"wt-like","wt-like","TM","TM4","2",63.8,70.2,55.6,0.926,112.5,47.9,-59.8,-44.2,10.625,-3,1,0,1.47952375282353
135,"C",0.950463372689491,-0.117374701566687,19,7,"high","low","TM","TM4","1",63.1,70.4,59.3,0.893,111.9,48.8,-66,-40,2.85714285714286,-2.8,1,0,0.470838178882546
136,"I",0.668296856253172,0.687143030781242,19,7,"low","wt-like","TM","TM4","2",59.5,71.6,58.8,0.866,111.3,50.1,-67.1,-39.6,36.2637362637363,-5.1,1,0,1.10881626214148
137,"T",0.85135842536493,0.595502570917284,18,3,"wt-like","possibly_wt-like","TM","TM4","2",58.8,68.9,56.2,0.919,109.8,50,-69.1,-41.7,34.9315068493151,-5.1,1,0,1.18834383146316
138,"T",0.953720750055016,0.795732879548712,18,7,"high","wt-like","TM","TM4","1",60.1,66.2,58.6,0.928,112.3,49,-59.8,-42.8,1.36986301369863,-5.2,1,0,1.1359538565687
139,"Y",1.0490418701334,0.790131100466324,17,4,"high","possibly_wt-like","TM","TM4","1",57.8,67.7,61.3,0.92,111.2,49,-59.9,-44.1,34.061135371179,-5.2,1,0,1.0195447160263
140,"A",0.70511834683096,0.721741124625828,19,6,"low","wt-like","TM","TM4","2",54.8,67.6,58.8,0.872,111.1,49.7,-67.5,-37.3,38.9380530973451,-4.9,1,0,1.85148669865955
141,"I",-0.0196488209925393,0.505237439511433,18,6,"low","wt-like","TM","TM4","4",55.5,64,57.9,0.93,113.4,46.4,-64.8,-45.9,3.84615384615385,-5,1,0,3.53732264867824
142,"N",0.193513301523583,0.164678108158832,17,5,"low","low","TM","TM4","3",55.7,63,61.6,0.923,112.3,49.7,-63.9,-44,1.89873417721519,-5.1,1,0,1.95801385886022
143,"V",0.858348074413603,0.842152335240297,19,5,"low","wt-like","TM","TM4","2",52.5,65,62.4,0.906,112.2,49.2,-58.5,-40.9,33.75,-5.3,1,0,1.31536866163358
144,"S",0.941740543119726,1.03375658902006,17,3,"high","possibly_wt-like","TM","TM4","2",50.8,63.2,59.4,0.868,106.9,55.1,-66.3,-37.8,27.8688524590164,-5.1,1,0,1.11243276630476
145,"L",-0.0127437439698861,1.02137710362491,18,7,"low","wt-like","TM","TM4","4",52.1,59.8,60.7,0.926,110.8,45.4,-61.5,-46.7,0,-4.9,1,0,3.43852742608762
146,"M",0.805579847102005,0.900347275143923,19,8,"wt-like","wt-like","TM","TM4","2",50.4,60.4,64.1,0.938,110.8,53.6,-58.6,-49.8,11.7647058823529,-5.4,1,0,1.32132586733325
147,"W",0.627696952595029,0.968370355064189,19,5,"low","wt-like","TM","TM4","2",47.2,61.7,62.4,0.932,113,42.6,-54,-50.1,57.9150579150579,-4.9,1,0,1.12791441151443
148,"L",0.75431235806616,0.876676669548205,19,9,"wt-like","wt-like","TM","TM4","2",46.8,58.5,60.3,0.926,113.4,51.9,-63,-46,0,-4.5,1,0,1.26809918757628
149,"S",0.76819348848287,1.07285898097707,14,4,"wt-like","possibly_wt-like","TM","TM4","2",47.8,56.1,63.2,0.952,113.5,43.7,-54.4,-54.3,0.819672131147541,-5.2,1,0,2.63494305083346
150,"F",0.652051553500687,1.11605730971367,19,6,"wt-like","wt-like","TM","TM4","2",45.2,57.7,65.6,0.852,111.7,54,-59.4,-43.3,22.9357798165138,-3.2,1,0,1.60106969993702
151,"R",0.866611193816829,1.06408495000104,19,4,"wt-like","possibly_wt-like","TM","TM4","1",42.4,57.8,62.9,0.788,115.1,38.6,-64.7,-28.1,30.2904564315353,-2.9,1,0,1.31333150458676
152,"K",0.949323908248967,1.07619491133486,18,5,"wt-like","wt-like","cyto","cyto_C_terminal","1",42.7,54.1,62,0.772,108.5,52.8,-104.7,-29.6,39.8104265402844,-3.1,1,0,1.20957465899572
153,"V",0.940618233737654,0.857462390587982,18,4,"high","possibly_wt-like","cyto","cyto_C_terminal","1",43.3,52,65.2,0.959,54.6,164.2,-110.4,123.3,10,-2.4,0,0,1.06588672820889
154,"Q",0.952684127086307,1.06408452554434,19,4,"high","possibly_wt-like","cyto","cyto_C_terminal","1",40.7,52.8,67.9,0.386,16,-170.5,-137.9,48.4,53.968253968254,-0.9,0,0,1.18320429770069
155,"E",0.998555638509974,NA,12,NA,"high",NA,"cyto","cyto_C_terminal","1",41,49.9,70.5,0.469,84.5,-56.1,-48,112.3,30.6010928961749,-3.4,0,0,NA
156,"P",1.06855327892682,0.870877810394883,17,4,"high","possibly_wt-like","cyto","cyto_C_terminal","1",37.9,51.3,72,0.191,91,-107.5,-35.2,-11.9,118.881118881119,-0.3,0,0,1.02640141584498
157,"Q",0.94990475764967,0.746759731516754,19,5,"high","wt-like","cyto","cyto_C_terminal","1",39.6,54.8,72.4,0.644,93.4,63.2,158.2,-73.2,35.4497354497354,-5.8,0,0,1.06905212327048
158,"G",0.984247418174703,0.972616635447998,19,8,"high","wt-like","cyto","cyto_C_terminal","1",40.7,56.5,75.6,0.814,92.9,67.2,-67.8,-28.5,57.6470588235294,-0.7,0,0,1.06613977636175
159,"K",0.321356255548971,0.934293927714477,19,9,"low","wt-like","cyto","cyto_C_terminal","3",43.4,53.9,76.5,0.805,103.1,49.2,-51.3,-36.6,49.2890995260664,-1.4,0,0,2.15566148537826
160,"A",0.989816303715722,0.976184550470747,19,8,"high","wt-like","cyto","cyto_C_terminal","1",45.4,55.1,73.5,0.897,106.4,54.9,-76.2,-37.8,2.65486725663717,-3.9,0,0,1.13713583042275
161,"K",0.352925414074045,0.44435724761361,19,3,"low","possibly_wt-like","cyto","cyto_C_terminal","3",45,58.8,74.4,0.241,114.6,41.1,-84.6,20.8,72.0379146919431,-1.8,0,0,1.64961091242436
162,"R",0.919287883837571,1.06235530917629,15,1,"wt-like","possibly_wt-like","cyto","cyto_C_terminal","1",46.5,58,77.9,0.1,360,360,-132.7,16,116.182572614108,-1.2,0,0,1.24728390411404
163,"H",0.936892468750241,0.978244523120506,12,4,"high","possibly_wt-like","cyto","cyto_C_terminal","1",49.3,55.7,76.5,0.075,360,360,-71.2,360,52.0618556701031,-1.6,0,0,1.13698267482461
